z,src,dest,satellite,probability,energy_eV
4,4,1,0,1.0,108.75805915184185
5,4,1,0,1.0,183.40856129156765
6,4,1,0,1.0,277.3695468302007
7,4,1,0,1.0,392.35502352246743
8,4,1,0,1.0,524.9118858302273
9,4,1,0,1.0,676.7695820584046
9,4,1,1,0.35,680.4840144517
9,4,1,2,0.3,681.2317990829655
11,7,1,0,0.05,1067.2265221804817
11,4,1,1,0.03,1047.4291411092315
11,4,1,3,0.1,1050.2684238297309
11,4,1,4,0.1,1051.9615427888996
11,4,1,5,0.02,1058.156417454124
11,4,1,6,0.01,1060.9634385854845
12,7,1,0,0.05,1295.5776237026867
12,4,1,1,0.02,1258.9975216224834
12,4,1,3,0.08,1262.0797189794143
12,4,1,4,0.08,1264.142485326427
13,4,1,0,1.0,1486.738608008544
13,3,1,0,0.5,1486.3126405805476
13,7,1,0,0.05,1553.3167219972652
13,4,1,1,0.02,1492.932800221316
13,4,1,3,0.08,1496.1828886420376
13,4,1,4,0.04,1499.0827518580684
14,4,1,0,1.0,1740.0263764535946
14,3,1,0,0.5,1739.4185312819568
14,7,1,0,0.05,1829.214922294183
14,4,1,3,0.06,1751.9883708683444
14,4,1,4,0.03,1754.5246674199782
15,4,1,0,1.0,2013.7110188906888
15,3,1,0,0.5,2012.730315472398
15,7,1,0,0.05,2136.2587861935235
15,4,1,3,0.05,2027.001591286374
15,4,1,4,0.05,2029.5963932926331
16,4,1,0,1.0,2307.901987898717
16,3,1,0,0.5,2306.6997230323523
16,7,1,0,0.07,2464.110569860476
16,4,1,3,0.45,2321.4665194925024
16,4,1,4,0.45,2324.347598644577
17,4,1,0,1.0,2622.449922439607
17,3,1,0,0.5,2620.842315790469
17,5,4,0,1.0,182.5982141871866
17,5,3,0,1.0,184.14404787331014
17,4,1,3,0.04,2631.801898388871
17,4,1,4,0.04,2640.393967912986
18,4,1,0,1.0,2957.779174414326
18,3,1,0,0.5,2955.7061327543474
18,5,4,0,1.0,220.2205815863228
18,5,3,0,1.0,221.79639970143063
19,4,1,0,1.0,3313.844748839999
19,3,1,0,0.5,3311.101280093463
19,5,4,0,1.0,259.7071374803094
19,5,3,0,1.0,262.45594291511367
19,4,1,3,0.03,3332.370785171739
19,4,1,4,0.03,3336.0559945835917
20,4,1,0,1.0,3691.7745536730317
20,3,1,0,0.5,3688.1834401188617
20,8,3,0,0.1,344.9754797804667
20,5,4,0,0.01,302.6957701003411
20,5,3,0,0.01,306.43644941448275
20,4,1,3,0.02,3711.95694278665
20,4,1,4,0.02,3715.627929295161
21,4,1,0,1.0,4090.672322844691
21,3,1,0,0.5,4086.2233021257575
21,8,3,0,0.1,399.6911264767882
21,5,4,0,0.01,348.36804561140684
21,5,3,0,0.01,352.9296539513228
22,4,1,0,1.0,4510.960026818157
22,3,1,0,0.5,4504.977451641609
22,8,3,0,0.1,458.3518943922356
22,5,4,0,0.01,395.3577405392211
22,5,3,0,0.01,401.37321927193176
23,4,1,0,1.0,4952.315400194113
23,3,1,0,0.5,4944.770534705538
23,8,3,0,0.1,519.1967647952249
23,5,4,0,0.01,446.4680858231895
23,5,3,0,0.01,453.4900783946588
24,4,1,0,1.0,5414.866027562551
24,3,1,0,0.5,5405.6351094170195
24,8,3,0,0.2,582.9063819139619
24,5,4,0,0.01,500.33973943946614
24,5,3,0,0.01,510.22299355185066
25,4,1,0,1.0,5898.896548377107
25,3,1,0,0.5,5887.803447325918
25,8,3,0,0.3,648.7921896028242
25,5,4,0,0.02,556.2323348277242
25,5,3,0,0.01,567.4333520965662
26,4,1,0,1.0,6404.009598618815
26,3,1,0,0.5,6391.003383184348
26,8,3,0,0.2,718.3324880249114
26,5,4,0,0.08,615.0009297276772
26,5,3,0,0.02,627.768037635948
27,4,1,0,1.0,6930.517587486568
27,3,1,0,0.5,6915.48023722563
27,8,3,0,0.18,791.4221079605496
27,5,4,0,0.09,676.7695820584046
27,5,3,0,0.02,693.8119050537197
28,4,1,0,1.0,7478.342457256408
28,3,1,0,0.5,7461.061377048275
28,8,3,0,0.21,868.7841597162056
28,5,4,0,0.08,741.9759870323143
28,5,3,0,0.03,759.2418091432929
29,4,1,0,1.0,8047.994718355645
29,3,1,0,0.5,8028.036145863397
29,6,1,0,0.06,8903.072485501918
29,8,3,0,0.2,949.8520449942521
29,5,4,0,0.05,810.3541662294099
29,5,3,0,0.01,830.9932133585772
30,4,1,0,1.0,8639.110018680954
30,3,1,0,0.5,8615.996346983997
30,8,3,0,0.26,1034.6673406751206
30,5,4,0,0.04,882.1358052870845
30,5,3,0,0.02,904.9940688547425
31,4,1,0,1.0,9251.998942831751
31,3,1,0,0.5,9225.013945915156
31,7,1,0,0.14,10264.52635861707
31,6,1,0,0.07,10260.618813514273
31,8,3,0,0.35,1124.7771698548465
31,5,4,0,0.01,957.1851110406834
31,5,3,0,0.01,984.2358294284332
32,4,1,0,1.0,9886.702079909071
32,3,1,0,0.5,9855.580435219093
32,7,1,0,0.14,10982.354016431318
32,6,1,0,0.07,10978.269766336662
32,8,3,0,0.35,1218.5178126103167
32,7,2,0,0.01,1294.0631190178449
32,6,2,0,0.01,1286.1430231649347
32,5,4,0,0.01,1036.2238815971562
32,5,3,0,0.01,1068.0005808691508
33,4,1,0,1.0,10543.948994208567
33,3,1,0,0.5,10508.292221439628
33,7,1,0,0.15,11726.49081936061
33,12,1,0,0.01,11864.515543837293
33,6,1,0,0.07,11720.615546269222
33,8,3,0,0.35,1317.0052095590627
33,5,4,0,0.01,1119.799380718025
33,5,3,0,0.01,1155.0604381693656
34,4,1,0,1.0,11222.624386351885
34,3,1,0,0.5,11181.633397043679
34,7,1,0,0.16,12496.138546745522
34,12,1,0,0.01,12652.480552810404
34,6,1,0,0.08,12489.844404349813
34,8,3,0,0.35,1419.2654070960841
34,5,4,0,0.01,1204.431585711091
34,5,3,0,0.01,1244.5712450622339
35,4,1,0,1.0,11924.537618356484
35,3,1,0,0.5,11877.927940938067
35,7,1,0,0.16,13291.757783970637
35,12,1,0,0.02,13469.807208689104
35,6,1,0,0.08,13284.921558937898
35,8,3,0,0.35,1525.9404491403147
35,5,4,0,0.01,1293.5230822441283
35,5,3,0,0.01,1339.645461189624
36,4,1,0,1.0,12650.156864921917
36,3,1,0,0.5,12598.73868845643
36,7,1,0,0.16,14113.168745941915
36,12,1,0,0.03,14315.227737339766
36,6,1,0,0.08,14105.140777371982
36,8,3,0,0.35,1636.5389048719605
36,7,2,0,0.01,1706.8307741340818
36,6,2,0,0.01,1697.483398591179
37,4,1,0,1.0,13395.730909524038
37,3,1,0,0.5,13336.078416794815
37,7,1,0,0.16,14961.648336281763
37,12,1,0,0.03,15185.766113430058
37,6,1,0,0.08,14952.085410583533
37,9,4,0,1.0,1694.1665063348007
37,8,4,0,0.1,1692.5937862022324
37,8,3,0,0.45,1752.203782318853
37,7,2,0,0.03,1826.6277835037379
37,6,2,0,0.03,1817.7633884073439
37,10,4,0,0.03,1775.2095792374175
37,5,4,0,0.03,1482.4260776830517
37,5,3,0,0.01,1541.8042334527106
37,12,9,0,0.1,96.33580997132846
38,4,1,0,1.0,14165.412269851211
38,3,1,0,0.5,14098.24402545964
38,7,1,0,0.16,15836.124691296649
38,12,1,0,0.03,16084.922021393044
38,6,1,0,0.08,15825.411632280262
38,9,4,0,1.0,1806.6122782697983
38,8,4,0,0.1,1804.7976976156122
38,8,3,0,0.45,1871.7702174413823
38,7,2,0,0.03,1947.2324951799803
38,6,2,0,0.03,1936.466239232495
38,10,4,0,0.03,1901.8604935205738
38,5,4,0,0.03,1582.1978437648313
38,5,3,0,0.01,1649.3619538532107
38,12,9,0,0.1,114.06089000285162
39,4,1,0,1.0,14958.760126574454
39,3,1,0,0.5,14883.162767312853
39,7,1,0,0.16,16738.33397681981
39,12,1,0,0.04,17015.836000370513
39,6,1,0,0.08,16726.14027913279
39,9,4,0,1.0,1922.593155828987
39,8,4,0,0.1,1920.508495199661
39,8,3,0,0.45,1995.88196125402
39,7,2,0,0.03,2072.205298721415
39,6,2,0,0.03,2060.0170709650038
39,10,4,0,0.03,2034.462069395486
39,5,4,0,0.03,1685.4150514946332
39,5,3,0,0.01,1760.9889417535396
39,12,9,0,0.1,132.74538269068492
40,4,1,0,1.0,15775.474588462039
40,3,1,0,0.5,15691.221595026223
40,7,1,0,0.18,17668.360684750503
40,12,1,0,0.04,17970.545915252227
40,6,1,0,0.09,17654.52347113683
40,9,4,0,1.0,2042.4048667012557
40,8,4,0,0.1,2039.951749532721
40,8,3,0,0.45,2124.472025927
40,7,2,0,0.03,2201.0329741363344
40,6,2,0,0.03,2187.4029645401406
40,10,4,0,0.03,2171.313767413876
40,13,3,0,0.01,2302.6983532325416
40,5,4,0,0.03,1792.067463078698
40,5,3,0,0.01,1876.5864086500435
40,12,9,0,0.1,151.0160626468937
41,4,1,0,1.0,16615.409733730867
41,3,1,0,0.5,16521.532358762823
41,12,1,0,0.04,18953.18995858807
41,6,1,0,0.07,18606.745420220865
41,9,4,0,1.0,2165.9274921492533
41,8,4,0,0.1,2163.0556610041995
41,8,3,0,0.45,2257.4183390036906
41,7,2,0,0.03,2334.8308431527953
41,6,2,0,0.03,2319.412354935922
41,10,4,0,0.03,2312.5769390464948
41,13,3,0,0.01,2461.908767361643
41,5,4,0,0.03,1902.2981992313078
41,5,3,0,0.01,1996.2354478916054
41,8,6,0,0.01,171.961425011234
41,10,6,0,0.01,322.87548810703055
41,13,6,0,0.5,374.5745843900293
41,9,7,0,0.01,158.1430962156884
41,10,7,0,0.1,304.6294531525792
41,14,7,0,1.0,355.2555513842399
41,12,9,0,0.01,171.74703897090973
42,4,1,0,1.0,17479.79521120819
42,3,1,0,0.5,17374.70920740197
42,7,1,0,0.17,19608.753488604867
42,12,1,0,0.04,19965.247573768072
42,6,1,0,0.07,19590.78285162825
42,9,4,0,1.0,2293.2218777797248
42,8,4,0,0.1,2289.9097666598277
42,8,3,0,0.45,2394.8671342358957
42,7,2,0,0.03,2473.105288594333
42,6,2,0,0.03,2455.7159608837687
42,10,4,0,0.03,2455.7159608837687
42,13,3,0,0.01,2623.559766242747
42,5,4,0,0.03,2015.7408375024343
42,5,3,0,0.01,2120.293927885416
42,8,6,0,0.01,179.9480223992739
42,10,6,0,0.01,351.22999272832783
42,9,7,0,0.1,165.5329605248327
42,10,7,0,1.0,330.6244998215992
42,12,9,0,0.1,192.5818381999064
43,4,1,0,1.0,18367.483546131924
43,3,1,0,0.5,18251.21996012184
43,7,1,0,0.16,20619.355967586853
43,12,1,0,0.03,21005.724355025028
43,6,1,0,0.08,20599.486182145898
43,9,4,0,1.0,2424.0280643055394
43,8,3,0,0.45,2536.864678515739
44,4,1,0,1.0,19279.745511149424
44,3,1,0,0.5,19150.798942416663
44,7,1,0,0.16,21657.383215675607
44,12,1,0,0.03,22074.59805453472
44,6,1,0,0.08,21635.086016210884
44,9,4,0,1.0,2558.617085757617
44,8,4,0,0.1,2554.3683710961022
44,8,3,0,0.45,2683.303555681315
44,7,2,0,0.03,2763.4330547207173
44,6,2,0,0.03,2741.1936200110486
44,10,4,0,0.03,2763.4330547207173
44,13,3,0,0.01,2964.568586703164
44,5,4,0,0.03,2252.8243378413686
44,5,3,0,0.01,2382.0208920864497
44,8,6,0,0.01,199.33149104999953
44,10,6,0,0.01,383.85197347708896
44,13,6,0,0.01,486.21249973764594
44,9,7,0,0.01,181.5288249386526
44,14,7,0,1.0,460.9077599743484
44,12,9,0,0.01,236.88228397611712
45,4,1,0,1.0,20216.571131147226
45,3,1,0,0.5,20074.18477617663
45,7,1,0,0.16,22724.374529527075
45,12,1,0,0.04,23173.315035250307
45,6,1,0,0.08,22699.411833229537
45,9,4,0,1.0,2696.8151213417
45,8,4,0,0.1,2692.118846868378
45,8,3,0,0.42,2834.4814622554313
45,7,2,0,0.11,2915.7656609072883
45,6,2,0,0.05,2890.882937723832
45,10,4,0,0.03,2922.983413091443
45,13,3,0,0.1,3143.8544370286713
45,5,4,0,0.03,2376.587387780094
45,5,3,0,0.01,2519.1333773513156
45,8,6,0,0.01,209.07957408617153
45,10,6,0,0.01,441.2248663099634
45,9,7,0,0.01,189.28883577572478
45,10,7,0,0.1,416.0543202453011
45,14,7,0,1.0,495.73845435065857
45,12,9,0,0.01,260.0884989156696
46,4,1,0,1.0,21177.58774158335
46,3,1,0,0.5,21020.682145925828
46,7,1,0,0.18,23819.293674229564
46,12,1,0,0.03,24299.666313838803
46,6,1,0,0.08,23791.868942489196
46,9,4,0,1.0,2838.6802902485697
46,8,4,0,0.1,2833.354375190812
46,8,3,0,0.42,2990.294471424568
46,7,2,0,0.11,3073.0230365612383
46,6,2,0,0.05,3045.471431138997
46,10,4,0,0.01,3087.101923039184
46,13,3,0,0.1,3328.7920161386382
46,5,4,0,0.02,2503.4666821423466
46,5,3,0,0.01,2660.319438538778
46,8,6,0,0.01,219.44103970460128
46,10,6,0,0.01,473.2220894393119
46,13,6,0,0.5,561.0144227742069
46,9,7,0,0.01,197.11317556931593
46,10,7,0,0.1,444.38776857741834
46,14,7,0,1.0,532.1209761077241
46,12,9,0,0.01,284.36740236949476
47,4,1,0,1.0,22163.38417852733
47,3,1,0,0.5,21990.810115838904
47,7,1,0,0.18,24943.00348705408
47,12,1,0,0.05,25457.197181508265
47,6,1,0,0.08,24912.431167235918
47,9,4,0,1.0,2984.3850403809843
47,8,4,0,0.1,2978.284275850714
47,8,3,0,0.42,3151.0214788079415
47,7,2,0,0.11,3234.5416782916236
47,6,2,0,0.05,3203.535382473386
47,10,4,0,0.01,3256.109593435994
47,13,3,0,0.1,3519.6782897036196
47,11,2,0,0.03,3743.3030841837267
47,12,2,0,0.02,3749.8809089509496
47,5,4,0,0.02,2633.7026814746305
47,5,3,0,0.01,2806.1514028721385
47,8,6,0,0.01,229.6003470983328
47,13,6,0,0.5,600.1170737323316
47,9,7,0,0.01,204.93254121173507
47,10,7,0,0.1,476.86225935807585
47,14,7,0,1.0,568.2135079427118
47,12,9,0,0.01,311.7530486122698
48,4,1,0,1.0,23174.181311209086
48,3,1,0,0.5,22984.722003837403
48,7,1,0,0.19,26096.440209029617
48,12,1,0,0.05,26644.357215975695
48,6,1,0,0.08,26061.88120007141
48,9,4,0,1.0,3133.8023034640446
48,8,4,0,0.1,3126.9971811342284
48,8,3,0,0.42,3316.654872308545
48,7,2,0,0.11,3401.5332839435305
48,6,2,0,0.05,3367.2780350268663
48,10,4,0,0.01,3430.0278430147073
48,13,3,0,0.1,3716.953491177097
48,11,2,0,0.05,3951.435364537709
48,5,4,0,0.02,2767.417701971361
48,5,3,0,0.01,2956.826906576195
48,8,6,0,0.01,238.43112967903792
48,10,6,0,0.01,541.4156656467237
48,13,6,0,0.5,639.0937496551533
48,9,7,0,0.01,211.21667365093649
48,10,7,0,0.1,506.05790789020296
48,21,7,0,0.01,402.5460630944796
48,14,7,0,1.0,605.6872859457729
48,12,9,0,0.01,336.9135528073362
49,4,1,0,1.0,24210.460141981162
49,3,1,0,0.5,24002.82406650012
49,7,1,0,0.19,27276.848557464626
49,12,1,0,0.05,27861.615153505554
49,6,1,0,0.08,27238.496294454882
49,9,4,0,1.0,3287.0312051448523
49,8,4,0,0.1,3279.3716407439756
49,8,3,0,0.75,3487.2961129437294
49,7,2,0,0.06,3573.196096451125
49,6,2,0,0.04,3535.3649285023744
49,10,4,0,0.01,3608.3242851725445
49,13,3,0,0.08,3920.9073451470913
49,5,4,0,0.07,2904.4748070995292
49,5,3,0,0.07,3112.623232497413
50,4,1,0,1.0,25271.950149429213
50,3,1,0,0.5,25044.780816705326
50,7,1,0,0.19,28486.39542162938
50,12,1,0,0.05,29110.419439106787
50,6,1,0,0.09,28444.569017412985
50,9,4,0,1.0,3444.0626075184505
50,8,4,0,0.1,3435.5023381879773
50,8,3,0,0.75,3662.893624662091
50,7,2,0,0.06,3750.4480673079456
50,6,2,0,0.04,3708.3819352774826
50,10,4,0,0.01,3792.7136176732315
50,13,3,0,0.08,4131.222612435224
50,5,4,0,0.07,3045.060047722661
50,5,3,0,0.07,3272.4212521537315
50,8,6,0,0.01,262.1230178289635
50,10,6,0,0.01,619.9209371654986
50,13,6,0,0.5,732.3342435505004
50,9,7,0,0.01,228.75311334520242
50,10,7,0,0.1,576.6706392237196
50,21,7,0,0.01,482.42874487587443
50,14,7,0,1.0,691.1047237073562
50,12,9,0,0.01,396.876400233994
51,9,4,0,1.0,3604.8097619388127
51,8,4,0,0.1,3595.4120007278657
51,8,3,0,0.75,3843.6723977685165
51,7,2,0,0.06,3932.784812220458
51,6,2,0,0.04,3886.4810771031907
51,10,4,0,0.01,3980.064633999214
51,13,3,0,0.08,4347.896697389867
51,5,4,0,0.07,3188.680474893647
51,5,3,0,0.07,3436.702214269669
51,8,6,0,0.01,274.3012996307516
51,10,6,0,0.01,659.4903586867006
51,13,6,0,0.5,775.8710102196478
51,9,7,0,0.01,237.51760044655117
51,10,7,0,0.1,613.7831061044541
51,14,7,0,1.0,732.7670652074451
51,12,9,0,0.01,429.3081282309547
52,9,4,0,1.0,3769.432914784741
52,8,4,0,0.1,3758.8507192174443
52,8,3,0,0.75,4029.686568482523
52,7,2,0,0.06,4120.5407714071025
52,6,2,0,0.04,4069.5785621756554
52,10,4,0,0.01,4173.3152275790235
52,13,3,0,0.08,4570.997284079461
52,5,4,0,0.07,3335.6341589121143
52,5,3,0,0.07,3605.952541738399
52,10,6,0,0.01,704.4556104153393
52,9,7,0,0.01,246.48943823677877
52,10,7,0,0.1,649.1318713774854
52,21,7,0,0.01,569.2570589214863
52,14,7,0,1.0,778.3062613502808
52,12,9,0,0.01,464.0126775190858
53,9,4,0,1.0,3937.7560640633837
53,8,4,0,0.1,3926.1469590045226
53,8,3,0,0.75,4220.8245081805835
53,7,2,0,0.06,4313.558737396008
53,6,2,0,0.04,4257.59639820127
53,10,4,0,0.01,4370.688239695835
53,13,3,0,0.08,4801.048134055379
53,5,4,0,0.07,3485.1101444565547
53,5,3,0,0.07,3780.2477424804547
54,9,4,0,1.0,4110.063894221962
55,9,4,0,1.0,4286.550526659512
55,8,4,0,0.1,4272.37034573052
55,8,3,0,0.5,4619.897433882315
55,7,2,0,0.06,4716.917916420001
55,6,2,0,0.05,4649.52326682291
55,13,3,0,0.05,5280.4168412734125
55,11,2,0,0.01,5542.183515850866
55,12,2,0,0.01,5552.856835950363
55,5,4,0,0.02,3795.047059476575
55,5,3,0,0.01,4142.195223610173
56,9,4,0,1.0,4466.369618800761
56,8,4,0,0.1,4451.008872031524
56,8,3,0,0.5,4827.649897520052
56,7,2,0,0.06,4927.046075071519
56,6,2,0,0.05,4852.040364462087
56,13,3,0,0.05,5531.304369087652
56,11,2,0,0.01,5797.175266895764
56,12,2,0,0.01,5809.398717697485
56,5,4,0,0.02,3954.207859451434
56,5,3,0,0.01,4331.022720966212
56,18,8,0,0.1,779.2846475996212
56,14,7,0,1.0,972.4249994752919
56,12,9,0,0.01,600.6985825247078
57,9,4,0,1.0,4651.093049971853
57,8,4,0,0.1,4634.351180344096
57,8,3,0,0.5,5042.241783273877
57,7,2,0,0.06,5143.504975444916
57,6,2,0,0.05,5062.025371865419
57,13,3,0,0.05,5788.784547254632
57,11,2,0,0.01,6059.833207873887
57,12,2,0,0.01,6074.678463160202
57,5,4,0,0.02,4124.557133502985
57,5,3,0,0.01,4524.970344273712
57,16,9,0,1.0,827.1126579926598
57,15,8,0,0.45,840.5707622583033
57,14,7,0,0.01,1023.309569437931
57,12,9,0,0.01,638.1069862743167
58,9,4,0,1.0,4840.296210544591
58,8,4,0,0.1,4823.161418855509
58,8,3,0,0.5,5262.263377322682
58,7,2,0,0.06,5365.190507295846
58,6,2,0,0.05,5276.596477554569
58,13,3,0,0.05,6051.846899648543
58,11,2,0,0.01,6325.0784324609585
58,12,2,0,0.01,6340.929137886755
58,5,4,0,0.02,4287.588181107988
58,5,3,0,0.01,4731.679099076431
58,16,9,0,1.0,878.137172838726
58,15,8,0,0.45,892.6147403390909
58,14,7,0,0.01,1075.3181910936662
58,12,9,0,0.01,675.6631467743854
59,9,4,0,1.0,5033.868754896456
59,8,4,0,0.1,5013.716180723026
59,8,3,0,0.5,5488.940474282793
59,7,2,0,0.06,5591.92618767363
59,6,2,0,0.05,5498.190130070941
59,13,3,0,0.05,6322.175688802188
59,11,2,0,0.01,6598.062233681003
59,12,2,0,0.01,6616.018539653132
59,5,4,0,0.02,4453.2950480622
59,5,3,0,0.01,4935.676251317664
59,16,9,0,1.0,925.0480297925817
59,15,8,0,0.45,953.8712681420197
59,14,7,0,0.01,1127.3339464729925
59,12,9,0,0.01,712.5528013396536
60,9,4,0,1.0,5230.517525864821
60,8,4,0,0.1,5207.8879083084685
60,8,3,0,0.5,5721.730925889507
60,7,2,0,0.06,5829.611972592615
60,6,2,0,0.05,5721.730925889507
60,13,3,0,0.05,6602.278472394682
60,11,2,0,0.01,6883.0393289901585
60,12,2,0,0.01,6901.814041032048
60,5,4,0,0.02,4633.190860728689
60,5,3,0,0.01,5145.853217942214
60,16,9,0,1.0,973.417503596606
60,15,8,0,0.55,1005.712097932347
60,14,7,0,0.01,1180.2397661408827
60,12,9,0,0.01,751.1461737131934
61,9,4,0,1.0,5432.660916357011
61,8,4,0,0.1,5408.016550340212
61,8,3,0,0.5,5961.638093624067
61,7,2,0,0.06,6071.4062696782585
61,13,3,0,0.05,6892.222326594014
62,9,4,0,1.0,5636.157261255556
62,8,4,0,0.1,5608.570782545155
62,8,3,0,0.5,6205.228443244934
62,7,2,0,0.06,6317.955342313774
62,6,2,0,0.05,6196.266145235999
62,13,3,0,0.05,7178.167911413569
62,11,2,0,0.01,7466.947762827909
62,12,2,0,0.01,7486.922629277584
62,5,4,0,0.02,4994.730187048292
62,5,3,0,0.01,5589.304468096316
62,16,9,0,1.0,1072.4348017740656
62,15,8,0,0.45,1100.1258867178326
62,14,7,0,0.01,1291.5019524281222
62,12,9,0,0.01,829.8807726445765
63,9,4,0,1.0,5845.829008114467
63,8,4,0,0.1,5816.757561956356
63,8,3,0,0.5,6456.500933869693
63,7,2,0,0.06,6571.483936667181
63,6,2,0,0.05,6439.064525219409
63,13,3,0,0.05,7480.643624538417
63,11,2,0,0.01,7767.946083146402
63,12,2,0,0.01,7796.276641709093
63,5,4,0,0.02,5177.225130829284
63,5,3,0,0.01,5816.757561956356
63,16,9,0,1.0,1123.3504342946428
63,15,8,0,0.45,1153.3412784474392
63,14,7,0,0.01,1346.0448098262916
63,12,9,0,0.01,871.9000522721499
64,9,4,0,1.0,6057.464697728146
64,8,4,0,0.1,6025.08443158226
64,8,3,0,0.5,6713.46044147172
64,7,2,0,0.06,6831.084707057837
64,6,2,0,0.05,6687.388750436878
64,13,3,0,0.05,7785.995191729447
64,11,2,0,0.01,8087.155921538043
64,12,2,0,0.01,8105.130903647755
64,5,4,0,0.02,5362.174008870328
64,5,3,0,0.01,6049.779810339598
64,16,9,0,1.0,1177.7732253547995
64,15,8,0,0.45,1209.1299730163812
64,14,7,0,0.01,1401.9017122693322
64,12,9,0,0.02,913.6638720198947
65,9,4,0,1.0,6272.9161362559935
65,8,4,0,0.1,6238.198109841495
65,8,3,0,0.5,6977.948414739966
65,7,2,0,0.06,7096.16457378089
65,6,2,0,0.05,6940.449363697924
65,13,3,0,0.05,8101.953044050168
65,11,2,0,0.01,8397.736889264408
65,12,2,0,0.01,8423.983383143071
65,5,4,0,0.02,5546.894570199523
65,5,3,0,0.01,6284.043965184983
65,16,9,0,1.0,1245.69664857932
65,15,8,0,0.45,1266.178384733453
65,14,7,0,0.01,1461.0439245003502
65,12,9,0,0.05,957.7026682612368
66,9,4,0,1.0,6495.36556457163
66,8,4,0,0.1,6457.81247210024
66,8,3,0,0.5,7247.909379821334
66,7,2,0,0.06,7370.3594954880355
66,6,2,0,0.05,7204.0689257653685
66,13,3,0,0.05,8419.063968132476
66,11,2,0,0.01,8714.220570509828
66,12,2,0,0.01,8753.472707787329
66,5,4,0,0.02,5743.279155866522
66,5,3,0,0.01,6534.322079502259
66,16,9,0,1.0,1300.4424945783483
66,15,8,0,0.45,1325.042080080151
66,14,7,0,0.01,1522.3991580685133
66,12,9,0,0.05,1001.8924237018158
67,9,4,0,1.0,6720.010158975594
67,8,4,0,0.1,6679.82260832389
67,8,3,0,0.5,7525.595595332305
67,7,2,0,0.06,7651.927879596354
67,6,2,0,0.05,7471.177308412155
67,13,3,0,0.05,8747.296982721866
67,11,2,0,0.01,9051.26204067015
67,12,2,0,0.01,9087.751039588045
67,5,4,0,0.02,5943.633146361444
67,5,3,0,0.01,6788.446530502612
67,16,9,0,1.0,1355.9075616043276
67,15,8,0,0.45,1382.9803394656967
67,14,7,0,0.01,1576.4041631671928
67,12,9,0,0.05,1045.3978704308577
68,9,4,0,1.0,6948.812522522052
68,8,4,0,0.1,6905.27359694234
68,8,3,0,0.5,7811.011619296902
68,7,2,0,0.06,7939.5611829597665
68,6,2,0,0.05,7745.623004504262
68,13,3,0,0.05,9089.083456718694
68,11,2,0,0.01,9385.631145579087
68,12,2,0,0.01,9431.32416195799
68,5,4,0,0.02,6153.061411071945
68,5,3,0,0.01,7058.191246333811
68,16,9,0,1.0,1411.9597703348104
68,15,8,0,0.45,1443.0189412604714
68,14,7,0,0.01,1643.0451554876718
68,12,9,0,0.05,1090.4501973007891
69,9,4,0,1.0,7179.996955819998
69,8,4,0,0.1,7133.317267884456
69,8,3,0,0.5,8101.423643041017
69,7,2,0,0.06,8231.042118641686
69,6,2,0,0.05,8025.905452686415
69,13,3,0,0.05,9426.304830312456
69,11,2,0,0.01,9730.35531573534
69,12,2,0,0.01,9779.475266848061
69,5,4,0,0.02,6341.902170491034
69,5,3,0,0.01,7309.095527506911
69,16,9,0,1.0,1468.8329277704029
69,15,8,0,0.45,1507.40653414103
69,14,7,0,0.01,1706.5958352801063
69,12,9,0,0.05,1136.1146104013535
70,9,4,0,1.0,7415.8100971415415
70,8,4,0,0.1,7367.5126976914
70,8,3,0,0.5,8402.005044089026
70,7,2,0,0.06,8536.915675714177
70,6,2,0,0.05,8313.38675810992
70,13,3,0,0.05,9780.323851501527
70,11,2,0,0.01,10089.941115495709
70,12,2,0,0.01,10143.349322035123
70,5,4,0,0.02,6545.637221608622
70,5,3,0,0.01,7580.348950421847
70,16,9,0,1.0,1521.4650562412533
70,15,8,0,0.45,1567.6341817309358
70,14,7,0,0.01,1765.1507322480027
70,12,9,0,0.02,1183.0552235982798
71,9,4,0,1.0,7655.660504294491
71,8,4,0,0.1,7605.038823344296
71,8,3,0,0.5,8709.262318019915
71,14,4,0,0.01,9049.148062439765
71,7,2,0,0.06,8847.166221856694
71,6,2,0,0.05,8606.665979417707
71,13,4,0,0.2,9040.042831432718
71,13,3,0,0.05,10143.681270502644
71,11,2,0,0.01,10460.152487395573
71,12,2,0,0.01,10511.321240926449
71,5,4,0,0.02,6752.951385245082
71,5,3,0,0.01,7857.54404164394
71,16,9,0,1.0,1581.4309621568843
71,15,8,0,0.45,1631.1562614537524
71,14,7,0,0.01,1831.917663018613
71,12,9,0,0.01,1230.9788267781942
72,9,4,0,1.0,7899.19516259762
72,8,4,0,0.1,7844.816536520995
72,8,3,0,0.5,9022.937736198217
72,14,4,0,0.2,9347.491117476739
72,7,2,0,0.06,9163.650216784901
72,6,2,0,0.04,8905.630472137604
72,13,4,0,0.01,9337.353986059941
72,13,3,0,0.1,10516.046431984709
72,11,2,0,0.01,10833.801177286286
72,12,2,0,0.02,10890.995988536619
72,5,4,0,0.03,6959.73434186195
72,5,3,0,0.01,8139.4510049630535
72,16,9,0,1.0,1644.5707313052094
72,15,8,0,0.45,1697.7158350417596
72,14,7,0,0.01,1894.6238910926
72,12,9,0,0.01,1280.0349724664436
73,9,4,0,1.0,8146.296407491588
73,8,4,0,0.1,8088.052776910865
73,8,3,0,0.5,9343.33504899092
73,14,4,0,0.2,9652.030098953688
73,7,2,0,0.06,9487.762854734516
73,6,2,0,0.04,9212.607086668975
73,13,4,0,0.01,9639.64790840387
73,13,3,0,0.1,10895.494264469104
73,11,2,0,0.01,11217.243050131161
73,12,2,0,0.02,11277.851425656721
73,5,4,0,0.03,7173.308846460025
73,5,3,0,0.01,8428.22097216291
73,16,9,0,1.0,1709.6550942236586
73,15,8,0,0.45,1765.402070811615
73,14,7,0,0.01,1964.2615246055088
73,12,9,0,0.01,1330.8736306687388
73,11,8,0,0.01,1328.876606999997
74,9,4,0,1.0,8397.793769471462
74,8,4,0,0.1,8335.46368118834
74,8,3,0,0.5,9672.587000655301
74,14,4,0,0.2,9961.769840358325
74,7,2,0,0.06,9819.0519789576
74,6,2,0,0.04,9525.375104339186
74,13,4,0,0.01,9948.10179113541
74,13,3,0,0.1,11286.166986764347
74,11,2,0,0.01,11608.3541592326
74,12,2,0,0.02,11674.59392025421
74,5,4,0,0.03,7387.926792581321
74,5,3,0,0.01,8724.522372324236
74,16,9,0,1.0,1775.5146417456642
74,15,9,0,1.0,1773.2292253017695
74,15,8,0,0.45,1834.899917612842
74,14,7,0,0.01,2035.1967733601398
74,12,9,0,0.01,1383.4432875820098
74,11,8,0,0.01,1378.6743848893552
75,9,4,0,1.0,8652.675513511042
75,8,4,0,0.1,8586.400415046104
75,8,3,0,0.5,10010.188072881825
75,14,4,0,0.2,10275.500367404253
75,7,2,0,0.06,10160.056660446913
75,6,2,0,0.04,9846.501062850904
75,13,4,0,0.01,10261.977622153776
75,13,3,0,0.1,11685.597307549455
75,11,2,0,0.01,12010.131201563427
75,12,2,0,0.02,12082.697848527936
75,5,4,0,0.03,7603.779525629215
75,5,3,0,0.01,9027.40512247526
75,16,9,0,1.0,1842.5351082345032
75,15,8,0,0.45,1906.2759445433537
75,14,7,0,0.01,2106.783133952417
75,12,9,0,0.01,1436.8314686881415
75,11,8,0,0.01,1431.0270941031824
76,9,4,0,1.0,8911.967814571468
76,8,4,0,0.1,8841.235893798916
76,8,3,0,0.5,10355.574551529706
76,14,4,0,0.2,10598.841453004361
76,7,2,0,0.06,10511.143014971787
76,6,2,0,0.04,10175.649800819057
76,17,4,0,0.07,10787.518591970951
76,13,4,0,0.01,10581.83510997975
76,13,3,0,0.1,12095.664266714115
76,11,2,0,0.01,12422.642896959043
76,12,2,0,0.02,12500.170128153139
76,5,4,0,0.03,7822.444916219745
76,5,3,0,0.01,9337.213347373554
76,16,9,0,1.0,1910.3880960415981
76,15,8,0,0.45,1978.365843834366
76,14,7,0,0.01,2182.0518731626134
76,12,9,0,0.01,1491.9878150794189
76,11,8,0,0.01,1483.2418642552905
77,9,4,0,1.0,9175.314326645826
77,8,4,0,0.1,9099.756875823832
77,8,3,0,0.5,10708.508946467875
77,14,4,0,0.2,10920.638008059375
77,7,2,0,0.06,10867.702803444776
77,6,2,0,0.04,10510.875687371752
77,13,4,0,0.01,10903.83067296646
77,13,3,0,0.1,12512.911887076725
77,11,2,0,0.01,12842.113774208889
77,12,2,0,0.02,12924.308871282454
77,5,4,0,0.03,8041.522080237367
77,5,3,0,0.01,9650.828009114946
77,16,9,0,1.0,1979.9455035627552
77,15,9,0,1.0,1975.843624431868
77,15,8,0,0.45,2053.398268186481
77,14,7,0,0.01,2254.2579533290855
77,12,9,0,0.01,1545.7447629111045
77,11,8,0,0.01,1537.3116854693085
78,9,4,0,1.0,9442.529354254228
78,8,4,0,0.1,9362.101866097297
78,8,3,0,0.5,11071.005217706914
78,14,4,0,0.2,11250.83370536295
78,7,2,0,0.06,11234.725840727426
78,6,2,0,0.04,10854.57284724615
78,20,4,0,0.01,11561.375180259205
78,13,3,0,0.1,12942.387280718573
78,11,2,0,0.01,13270.701984768826
78,12,2,0,0.02,13361.660875849997
78,5,4,0,0.03,8268.368618412786
78,5,3,0,0.01,9975.395239608957
78,16,9,0,1.0,2050.3421106846326
78,15,9,0,1.0,2046.619138875862
78,15,8,0,0.5,2127.3882538280664
78,12,5,0,0.01,2779.9145164372135
78,10,7,0,0.01,1920.7465132935665
78,13,7,0,0.01,2314.433216970314
78,14,7,0,0.03,2330.9679908460184
78,12,9,0,0.02,1602.2769117743567
78,11,8,0,0.01,1591.5813534415881
79,9,4,0,1.0,9713.584098487912
79,8,4,0,0.1,9628.194594562461
79,8,3,0,0.5,11442.616949516829
79,14,4,0,0.2,11584.92528948251
79,7,2,0,0.06,11610.637021407476
79,6,2,0,0.04,11204.976677400087
79,20,4,0,0.01,11916.51488150203
79,13,4,0,0.01,11566.983937856823
79,13,3,0,0.1,13381.995405623284
79,11,2,0,0.01,13709.908599984488
79,12,2,0,0.02,13809.316622645681
79,5,4,0,0.03,8494.162083328747
79,5,3,0,0.01,10308.563637150459
79,16,9,0,1.0,2123.0169081010226
79,15,9,0,1.0,2117.939655502216
79,15,8,0,0.5,2204.555253077876
79,12,5,0,0.01,2883.353196118598
79,13,7,0,0.01,2390.7479258214366
79,10,7,0,0.01,1980.8945108339944
79,14,7,0,0.03,2409.799561381919
79,11,8,0,0.01,1648.0684226119863
79,12,9,0,0.02,1660.6507826560369
80,9,4,0,1.0,9989.057962705423
80,8,4,0,0.1,9897.830776048962
80,8,3,0,0.5,11822.880901047003
80,14,4,0,0.2,11924.422931772035
80,7,2,0,0.06,11995.606284283725
80,6,2,0,0.04,11563.316057628073
80,20,4,0,0.01,12277.242361204879
80,13,4,0,0.01,11904.272396145954
80,13,3,0,0.1,13830.42047978713
80,11,2,0,0.01,14162.499706787412
80,12,2,0,0.02,14264.993089006468
80,5,4,0,0.03,8721.453814933857
80,5,3,0,0.01,10651.562494252554
80,16,9,0,1.0,2195.342932096815
80,15,8,0,0.5,2282.5617186402246
80,14,7,0,0.03,2487.644210134424
80,10,7,0,0.01,2035.8651466847246
81,9,4,0,1.0,10268.777067318739
81,8,4,0,0.1,10173.061532972284
81,8,3,0,0.5,12213.626573256599
81,14,4,0,0.2,12271.895500697778
81,7,2,0,0.06,12390.736486688225
81,6,2,0,0.04,11930.963589859286
81,20,4,0,0.01,12643.964534571347
81,13,4,0,0.01,12251.280860179219
81,13,3,0,0.1,14291.79585866605
81,11,2,0,0.01,14625.433502777974
81,12,2,0,0.02,14737.214719255879
81,5,4,0,0.03,8953.41373896746
81,5,3,0,0.01,10994.527523796409
81,16,9,0,1.0,2270.772663609885
81,15,9,0,1.0,2265.7928989967054
81,15,8,0,0.55,2362.0534851038237
81,14,7,0,0.03,2570.686034275341
81,11,8,0,0.01,1763.1425971714978
81,12,9,0,0.02,1777.8059568841368
81,12,5,0,0.01,3089.563604114122
81,13,6,0,0.01,3012.2494517273985
81,10,7,0,0.01,2107.1411868303826
81,13,7,0,0.01,2548.493061317569
82,9,4,0,1.0,10551.755936809024
82,8,4,0,0.1,10449.749463379047
82,8,3,0,0.5,12613.991864270352
82,14,4,0,0.2,12622.981585719928
82,7,2,0,0.06,12793.613463187845
82,6,2,0,0.04,12306.12282214389
82,20,4,0,0.01,13015.346150860772
82,13,4,0,0.01,12601.427744270162
82,13,3,0,0.1,14764.768131792329
82,11,2,0,0.01,15101.60626468937
82,12,2,0,0.02,15218.385593850462
82,5,4,0,0.03,9184.694231654175
82,5,3,0,0.01,11349.602020587481
82,16,9,0,1.0,2345.5200044097564
82,15,9,0,1.0,2339.7657564276224
82,15,8,0,0.6,2442.5568840248175
82,14,7,0,0.05,2652.6355890693135
82,12,9,0,0.01,1839.5280034584528
82,11,8,0,0.01,1822.7607679079642
82,13,6,0,0.05,3124.601497809973
82,10,7,0,0.01,2173.635824563459
82,13,7,0,0.05,2629.5691926426243
82,18,8,0,0.01,2477.701587392081
83,9,4,0,1.0,10839.105085683537
83,8,4,0,0.1,10731.216887645385
83,8,3,0,0.5,13023.82270983631
83,14,4,0,0.2,12980.190899422068
83,7,2,0,0.06,13210.184586127507
83,6,2,0,0.04,12691.594578063232
83,20,4,0,0.01,13395.586178432486
83,13,4,0,0.01,12955.234732095432
83,13,3,0,0.1,15248.144461770207
83,11,2,0,0.01,15582.7546575881
83,12,2,0,0.02,15710.707126867432
83,5,4,0,0.03,9420.574989218123
83,5,3,0,0.01,11712.53282129494
83,16,9,0,1.0,2422.512454730358
83,15,9,0,1.0,2416.845758929819
83,15,8,0,0.6,2525.6505893888716
83,14,7,0,0.05,2735.7499433605412
83,12,9,0,0.01,1901.3063553611364
83,11,8,0,0.01,1882.827447731203
83,11,5,0,0.01,3185.6163266469607
83,13,6,0,0.05,3233.807705610321
83,10,7,0,0.01,2239.194282700013
83,13,7,0,0.05,2712.4083883854673
83,18,8,0,0.01,2570.686034275341
84,9,4,0,1.0,11131.03867928642
84,8,4,0,0.1,11016.1164510342
84,8,3,0,0.5,13447.308832223396
84,14,4,0,0.2,13340.670285580523
84,7,2,0,0.06,13638.124236398606
84,6,2,0,0.04,13085.402367609468
84,20,4,0,0.01,13782.146224221844
84,13,4,0,0.01,13314.45311781569
84,13,3,0,0.1,15744.423659407188
84,11,2,0,0.01,16060.127905841933
84,5,4,0,0.03,9664.368807631126
85,9,4,0,1.0,11427.114049133615
85,8,4,0,0.1,11305.10229988782
85,8,3,0,0.5,13876.393404861803
85,7,2,0,0.1,14067.53133637031
85,13,3,0,0.1,16251.908850961441
86,9,4,0,1.0,11727.267239209985
86,8,4,0,0.1,11598.146626108486
86,8,3,0,0.5,14316.054203925836
86,7,2,0,0.1,14511.937290264023
86,13,3,0,0.1,16770.937592400674
87,9,4,0,1.0,12031.575991334194
87,8,4,0,0.1,11895.249681771056
87,8,3,0,0.5,14770.572722551788
87,14,4,0,0.2,14450.371495699268
87,7,2,0,0.1,14975.925235610976
87,13,3,0,0.1,17303.660390931127
88,9,4,0,1.0,12340.050305365594
88,8,4,0,0.1,12196.445604105978
88,8,3,0,0.5,15236.152065511485
88,14,4,0,0.2,14841.82906174506
88,7,2,0,0.06,15445.316287307029
88,6,2,0,0.04,14747.557116377791
88,20,4,0,0.01,15377.502255212237
88,13,4,0,0.01,14809.033161307629
88,13,3,0,0.1,17848.95374992438
88,11,2,0,0.01,18179.499623621658
88,12,2,0,0.02,18357.693066584696
88,5,4,0,0.03,10622.451137612532
88,5,3,0,0.01,13663.373898867087
89,9,4,0,1.0,12652.351436643405
89,8,4,0,0.1,12501.17843000461
89,8,3,0,0.5,15713.49472556173
89,7,2,0,0.1,15931.765751728268
89,13,3,0,0.1,18408.66318734684
90,9,4,0,1.0,12969.05726287654
90,8,4,0,0.1,12809.871826373075
90,8,3,0,0.5,16202.635542282476
90,14,4,0,0.2,15624.188753320526
90,7,2,0,0.06,16426.315588852493
90,6,2,0,0.04,15643.310677050571
90,20,4,0,0.01,16213.865595163952
90,13,4,0,0.01,15587.848405574587
90,13,3,0,0.1,18983.079545128796
90,11,2,0,0.01,19305.863725743875
90,12,2,0,0.02,19506.944324658933
90,5,4,0,0.01,11118.86029998742
90,5,3,0,0.01,14510.238914998914
90,16,9,0,1.0,2996.1621863439677
90,15,9,0,1.0,2986.8510583738794
90,15,8,0,0.6,3146.0083083760396
90,14,7,0,0.05,3370.051302883928
90,12,9,0,0.01,2363.8548604976113
90,11,8,0,0.01,2321.8012627921294
90,13,6,0,0.05,4117.7079851577455
90,20,6,0,0.01,4735.8360364056425
90,10,7,0,0.01,2714.189742405861
90,13,7,0,0.05,3334.701114392139
90,18,8,0,0.01,3255.8872750288792
91,9,4,0,1.0,13291.045348945127
91,8,4,0,0.1,13122.519361687911
91,8,3,0,0.5,16702.256093477168
91,14,4,0,0.2,16024.840045637806
91,7,2,0,0.06,16930.791674600536
91,6,2,0,0.04,16103.93394377188
91,20,4,0,0.01,16637.70631147339
91,13,3,0,0.1,19568.82910336496
91,11,2,0,0.01,19872.445493364274
91,12,2,0,0.02,20097.9392823958
91,5,4,0,0.03,11366.35381674915
91,5,3,0,0.01,14946.85803895114
91,16,9,0,1.0,3082.650110221276
91,15,9,0,1.0,3072.718399828989
91,15,8,0,0.6,3239.7226922680875
91,14,7,0,0.05,3466.150054042486
91,12,9,0,0.01,2434.8819213098927
91,11,8,0,0.01,2387.5252731195787
91,13,6,0,0.05,4260.624997701021
91,10,7,0,0.01,2786.1615153505554
91,13,7,0,0.05,3430.663736389035
91,18,8,0,0.01,3359.0947557057634
92,9,4,0,1.0,13615.060554456175
92,8,4,0,0.1,13439.146227139667
92,8,3,0,0.5,17220.504379718845
92,14,4,0,0.2,16428.709841667955
92,7,2,0,0.06,17455.43192683266
92,6,2,0,0.04,16575.869332482114
92,20,4,0,0.01,17070.65777682772
92,13,4,0,0.01,16386.152917252555
92,13,3,0,0.1,20167.572821233913
92,11,2,0,0.01,20485.127789488422
92,12,2,0,0.02,20713.398171157878
92,5,4,0,0.03,11618.579675491013
92,5,3,0,0.01,15400.04067037222
92,16,9,0,1.0,3170.951085245517
92,15,9,0,1.0,3159.6378041054973
92,15,8,0,0.6,3336.4958943245347
92,14,7,0,0.05,3563.7880837338234
92,12,9,0,0.01,2506.7567212515105
92,11,8,0,0.01,2455.1324244178163
92,11,5,0,0.01,4246.033816202045
92,13,6,0,0.05,4401.284608913727
92,10,7,0,0.01,2863.37615318937
92,13,7,0,0.05,3521.2776890968394
92,18,8,0,0.01,3467.119335377509
93,9,4,0,1.0,13944.438657237943
93,8,4,0,0.1,13760.120242508627
93,8,3,0,0.5,17750.570872909706
93,14,4,0,0.2,16840.41501067597
93,7,2,0,0.06,17989.580300797985
93,6,2,0,0.04,17061.026741492442
93,20,4,0,0.01,17508.428761699623
93,13,3,0,0.1,20785.278697921156
93,11,2,0,0.01,21110.878159901196
93,12,2,0,0.02,21339.791296574822
93,5,3,0,0.01,15877.088927276181
93,5,4,0,0.03,11889.546167347498
94,16,9,0,1.0,3344.5963699244594
94,15,8,0,0.6,3531.306961922521
94,9,4,0,1.0,14278.957437878582
94,8,4,0,0.1,14084.63073489114
94,8,3,0,0.5,18294.308480360578
94,14,4,0,0.2,17255.735819000394
94,7,2,0,0.06,18540.80056124474
94,6,2,0,0.04,17556.526116270135
94,20,4,0,0.01,17951.031944330185
94,13,4,0,0.01,17208.07597961134
94,13,3,0,0.1,21417.942826337017
94,11,2,0,0.01,21725.693459224036
94,12,2,0,0.02,21983.011956223356
94,5,4,0,0.03,12124.407141902964
94,5,3,0,0.01,16333.050643274893
95,9,4,0,1.0,14617.501672160686
95,8,4,0,0.1,14412.241207190733
95,8,3,0,0.5,18852.609660624912
95,14,4,0,0.2,17676.925452758056
95,7,2,0,0.06,19106.530556332884
95,6,2,0,0.04,18063.2275285333
95,20,4,0,0.01,18399.92096420458
95,13,4,0,0.01,17626.162186079204
95,13,3,0,0.1,22065.562197778876
95,11,2,0,0.01,22363.67017191553
95,5,4,0,0.03,12383.5584731422
96,9,4,0,1.0,14955.873031737001
96,8,4,0,0.1,14742.471751854902
96,8,3,0,0.5,19402.846233661927
96,14,4,0,0.2,18099.881377094847
96,13,3,0,0.1,22707.726636098847
97,9,4,0,1.0,15306.68980655552
97,8,4,0,0.1,15083.234480912375
97,8,3,0,0.5,19965.247573768072
97,14,4,0,0.2,18532.763442914755
97,13,3,0,0.1,23393.242911905607
98,9,4,0,1.0,15654.569120340873
98,8,4,0,0.1,15420.918834962651
98,8,3,0,0.5,20561.225113283537
98,14,4,0,0.2,18986.85871869827
98,13,3,0,0.1,24074.59950157276
